"path","sha256"
".gitattributes","f51beaa1812ffccdedb9035e6454352bca698f40e9939ce9b76f5d0bd09c3696"
".gitignore","1f8add9072a04aa3b6747c97ade5b02e58ebbe13d6dec25f41290b048a27ab5e"
"audit/logs/.gitkeep","01ba4719c80b6fe911b091a7c05124b64eeece964e09c058ef8f9805daca546b"
"audit/logs/audit_01_data_integrity.log","915170d5206d31ecf0b2bcad3fb9def9d22fb71de1073cf9e975442af9decbb3"
"audit/logs/audit_02_treatment_consistency.log","7eac5bc6df32ba36563d3142ceb9c3223bd614b07dbe1853ba5487ecb5ea741e"
"audit/logs/audit_03_main_atts.log","7457929c4f9b749c312709d5c8fe9f73504befb3f19e94adf317477a9d992248"
"audit/logs/audit_04_appendix_atts.log","76a78e903f47ee0010cf6bfff17e9015d93cf01a221ca3ad7d0c96067310f778"
"audit/logs/audit_05_pretrends_wald.log","ad9d1e9d6f313f500f5af7d6b800e0f1cb555d0d457bdb3aaf640a7d2664d2b6"
"audit/logs/audit_06_summary_stats.log","79ec0e023018e902fbf1de697ba97ac295bc2b8a491f8ad21cbe0f6c06f57ffe"
"audit/logs/audit_07_honest_did.log","b007c4be2ad5c21db2a48f6defb8e953e3d7703723d8079b3ff3e2ad365f797e"
"audit/logs/audit_08_magnitudes.log","a97b619597bd25c87dd74d5f4f18d442438dcb2c76a892b00315ca974f0f0297"
"audit/logs/audit_09_text_numbers.log","55a117c5079031f0d77678f83b9f21b7d4f8997689ec63755aa4c30d92fe7a16"
"audit/logs/audit_10_sample_construction.log","b368f62963629309eb73305af7da42e89d42b1569993685f43aa35b0e6bf6412"
"audit/logs/audit_11_citations.log","2490ca56b3c1cf87b5cf020a062b4556ee62f6fbd0b908f68a040e785e2115dd"
"audit/logs/audit_12_figures.log","c58f086adcb37135d51f5dcd89e7eb36a8959540bc452ae3185fe98ccec2f5a2"
"audit/logs/audit_13_reproducibility.log","47c6458091815ee6697b51e3ade755a1ae0f250cf7c720b4a54d4c54ff2cc0d3"
"audit/logs/audit_14_formula_consistency.log","59ee268fa4f1bd717c9e2c00dfa2614756ef70244d11b81f18298a9c491b0b8f"
"audit/logs/consolidate_findings.log","d0a13019368123444973a8e574e9b7d68e2b0e76b4a83f7d07f1820d84e8aa72"
"audit/outputs/.gitkeep","01ba4719c80b6fe911b091a7c05124b64eeece964e09c058ef8f9805daca546b"
"audit/outputs/audit_01.json","ff1cf3df3b2f64e06019c698ea5503ef482f7d530e8c6bd1c5a65497351d6215"
"audit/outputs/audit_02.json","cc4dd3d61120791c5354484e3f22dcb9a383da02b4e22fba993a8f2f2a0bbd96"
"audit/outputs/audit_03.json","64d462db6ecd131d0ebcebeccf0c27c616f0c2634f974618eda1b06dd5b9b505"
"audit/outputs/audit_03_canon_vs_paper.csv","520493932669c614db829150d7250c1e8c121abfdf163164edc990cfa3ea0348"
"audit/outputs/audit_03_compare.csv","54e80d0cc9c23e2ed3f500c418a65f942775a7d43467d717091874d351c9f5e6"
"audit/outputs/audit_03_repro_atts.csv","26d898d198156bf88b3886785f1b4d5ec0d6063f488b55cca9fb36548756a5be"
"audit/outputs/audit_04.json","1364f4c2e9bd9259ce2420a16b24950216076ab8042b763324b9a86023b1fc7d"
"audit/outputs/audit_05.json","1aa5cba76412633944e38255a353d764fe3d67ccd7b567075f7221a967e62c17"
"audit/outputs/audit_06.json","d58d6c6e634dda594a40eb287c0850e65a90c666e1a43951e519c37e8162aeda"
"audit/outputs/audit_06_compare.csv","bc1b578fc990c5ec172b37b6b58d60094f2c3a1cddd1b1ae422eff2675498410"
"audit/outputs/audit_06_repro_sumstats.csv","3aab44d0e09522597b3765a23b58b82424d4c076ad797a7672c0e85bfdfe6870"
"audit/outputs/audit_07.json","f8779fc517c485e38dec85c024ac50ef16081b223eb97a4ec6ef72dc516c6836"
"audit/outputs/audit_08.json","0bb83ed4cb1b55509c2ba577468945feaabc169825cfda4251c171ce4056268b"
"audit/outputs/audit_09.json","2775fe15cb725d79000afd5d4f077193eff0a4fad5cc19686b8c522d00fc67ba"
"audit/outputs/audit_09_text_numbers_full.json","96fda794dcfe9cd400be7c96e6b4eb058d23b89dcec2a2f3a55efa9557092be9"
"audit/outputs/audit_10.json","ce61df02ca0803a6cdf3b80e82e353f20f7b38b46a849e98b30242fb24027c8a"
"audit/outputs/audit_11.json","11a9a1420e0d9f7bb6a14e7eca1578fd13a66ced14a55e2e6ffe14a511472a8d"
"audit/outputs/audit_12.json","0132dfcccca35d3f7f76f09a76f25a400cd32e9ca22e6c96d5ab9a9163815c1c"
"audit/outputs/audit_13.json","0be46df1d93f55bab60078740fc47c3f592e149bc1daea8e5a559ad52c1f1dd7"
"audit/outputs/audit_14.json","ef321e67dcb1903b3e03c61c9d3bb86299f48e1e92cacf457daa28adc5cd9011"
"audit/outputs/audit_findings.csv","3480042e465f8772b17778ddd9ceefa1cab9f8d7f207adec026c9cb03beef729"
"audit/outputs/audit_report.md","ae0bbebb1507215eab05cebe9b8e4499d22f28af983877980a32a865857d56ec"
"audit/outputs/auditoria_codex_2026-04-27.md","85d07125b72f082e0351aa050676a078e510ecfaeac46544b2b72ce79305af10"
"audit/outputs/claims_inventory.csv","1fc67ef5e466708dcf5ca677d6046ed505c8183566ac470c00f0fbfb0a2ff6aa"
"audit/outputs/lineage.csv","c4910ac70ce9ecb40a093080130b217230802f01c04febf6a60cd11edce06d71"
"audit/outputs/loc_info_treated.csv","bafb7e423fa9f077f9ae35afd57aeb434693f62a1217440d7a5017794f4cc5b5"
"audit/scripts/_check_ds_cargo.R","ea85a1b0b94275fada9e4e92228a02cab43ef08a697ca865202d9bcbc96f0e7e"
"audit/scripts/_diff_result_tables.py","dcd47e561a149e5416c10b32d30add91b4c8f6d085b58c4093f7bac6cae4fe00"
"audit/scripts/_quantify_2016_legenda_bug.py","c435c8e1d1f9ebf6b7199c87763fea2fe963d424490723cb6dbbd11e999afe33"
"audit/scripts/_run_downstream_all.sh","40d8dd711fd22b44546453dc0000aac073501f5c0a5a61ab0d9f5fcc5dc86f39"
"audit/scripts/_verify_csv_diff.py","0696feb0bacb6b41a0fd30a29849e6c61779fd78ed293518755aa3c8bd5eaae5"
"audit/scripts/audit_01_data_integrity.R","8e0af1090937e13997c67d4f879751218814ef9729d88c2327fec424eb66a2a8"
"audit/scripts/audit_02_treatment_consistency.R","5b049fcf10732d72aa692fe2be6f12b279f66d451a9fab98023818a93b701416"
"audit/scripts/audit_03_main_atts.R","1f59cbdef62f5aeebd60f38fe784bcaa791b74dd5e5e3db6979d60fcff950069"
"audit/scripts/audit_04_appendix_atts.R","ba6ea1f67536155495679a1446cb5a5d09878e986951ed2fe705a59cc1040b43"
"audit/scripts/audit_05_pretrends_wald.R","774a9e29907a658fc63cb7444728b930182b43f033bca3219883ae9f6e6ba71e"
"audit/scripts/audit_06_summary_stats.R","871ef21ad086f60e945f638a4e671058603b880ae9a4132e6546f6489a936540"
"audit/scripts/audit_07_honest_did.R","8a5cbc7d7a699fb08ee60ca40466046c9710b5ee3eb0cf255f7aea7bee067b26"
"audit/scripts/audit_08_magnitudes.py","ccdf35248019c5ce8c5ea85e51ee2ff3f201b7774d10c94581d452c11d1abaef"
"audit/scripts/audit_09_text_numbers.py","8e2cdd26bf6b25cc1138109543aab13b4e0e8948c3dc9f2f1db8bae6b60a9536"
"audit/scripts/audit_10_sample_construction.R","50a017ef28d99c89d392ccde07b24098e65617fd1ae1d7d3ca73fc951fb668ed"
"audit/scripts/audit_11_citations.py","2a5ac60e87a6df87e7ee064ac1be801508a8abc525478183c488175dca3ecfee"
"audit/scripts/audit_12_figures.py","eb2049e751b1fb14931659f289c493e72a7d0c58b99b6529c53a59e75c85f49b"
"audit/scripts/audit_13_reproducibility.py","4d0cfcc080f801c3899543f5e2201229c0896ef60a2a2509facd0049c27444c0"
"audit/scripts/audit_14_formula_consistency.R","5580a7eb9492dc4da785f3a6ba12af884570bf29ea1c3df44648cdb6d73804d8"
"audit/scripts/consolidate_findings.py","c6784bbdd1309056e20d62e98acd7390103f8293efd0179e5eecbfdca252326f"
"audit/scripts/PROPOSED_FIX_06_descriptive_stats.diff","f3ffecdbff200475f5a2ffb19c10037147bfa60d8ecda41b15d42c0ea3341fa3"
"audit/scripts/run_all.sh","b4c403c1409152cb4a33412c89edfadf2bcfade5e8e396f4fa91db45c91cd4f4"
"code/__pycache__/71_map_factions.cpython-312.pyc","46d81def03e9f3cbf2fd8c454ff1f4c5544d76c906529f90b1dfc3e6547de5ae"
"code/__pycache__/72_rj_capital_map.cpython-312.pyc","c011ce843fefef177a6e672d01d484f712e474a2ebf44d8a10a7e1349d27e7c6"
"code/70_main_results.R","600a208a68dee3b76670417e6619611f759dfab8b0bc17812b29928722bb9f41"
"code/71_map_factions.py","9cc84c50d499117edc277064a9b1f4aa62e2d7d63819f16cd9e78471e1b0f815"
"code/72_rj_capital_map.py","ea77dd966e289e07b679fa8342238ad227e8f0aefab4a0db3d849208e5ef4d0c"
"code/72_rj_capital_results.R","e09280711fb20f5cd60f95623666eeeeb83ff9a83346ea9e4da828645c2729bd"
"code/73_robustness_municipality.R","0898ef5a1d26a8008fdee5e3066835b7dec05f93240ac7346469477b0c47aaac"
"code/74_main_demeaned.R","74e1fbcd956d851035c611240e02ae37028a856b59f808f5a43432c0066dde56"
"code/75_results_region_dummies.R","dedd60efe800e5bb535db776727a3585f3ad0667cba258708e2f4b17338a7dc9"
"code/76_capital_baixada_dummies.R","0cfe62cf2bd199f89f22783f04979d0fbfbff49853dbfd18b9b822546f7b1e85"
"code/77_simple_aggregation.R","b96825ee5e3e91190c24786c99198c3eb2880f55fda227212ac1772218ff0508"
"code/78_three_specs_simple.R","f4dcad4dd361062307955bc2936fa8735508ba0bb37932f33cf6d88d36cefcd6"
"code/79_event_study_fixed.R","bae589ba381531266239fa04889203de8d2b9fa84de9736f3f0421fdb1302aec"
"code/80_honest_did.R","7b28ca2cdb4135305ca353dfa56bed3e357354314664f41cf9b302d31932a963"
"code/81_sun_abraham.R","998d65c7d25846f1e6572414324163e3ccada605d6ea138470e48d5c09c1591a"
"code/82_placebo_lagged.R","7464dab6a6ad8f2d0dd86d5c6b79e696f90d20e47cfe3171d6ff9e13823f9892"
"code/83_sumstats_baseline.R","960259e55c4ea93d71e3f5987afd82db81c253327b7288f8c595129e37548ce8"
"code/84_magnitude_translation.R","d564fecbf700f57bc1f173a63f17112d643d2622fec53f8514ba3e5799c7d5c9"
"code/85_cluster_polygon_wildboot.R","1ce32ce208854fd96947a881d6059bb2670a0d9e288b5789162a3ea91ae2c972"
"code/86_equality_test_mde.R","5acf509c900741f55e5722f9d0b1e4b5ea4482263f46db1980732ad4d43b2995"
"code/87_balance_table.R","ac063e6ae0542a322e4f991e699241a65244fc7130db935e3ff42339cc121f06"
"code/88_turnout_outcome.R","6873cd8f3005c48769ef1c599775ef6a2ed563c209220dfcd47060186b3a17bc"
"code/89_dynamic_agg_all.R","1254e397ace1195574e751e94a4d0ce490cb4ac043e59b111e91c8447ea0dea0"
"code/90_turnout_decomposition.R","48a5647caf220988047d9be5bf831bf1545c3290b896c86baa42c1a1e7a3cacf"
"code/91_exposure_duration.R","937117af20870c7343bf07e9b9b7be3f60f3c7db75a64c8c04d62a997028ba6a"
"code/93_political_profile_outcomes.R","e7b16f2b93959e4c576bed684917600f17e26bc69b1e870cb8ae58f4dc746493"
"code/94_campaign_finance_outcomes.R","f425116ceeebbea995df3f02b00d7ef8bb7fdf27ea509fcb507cdc9e5eddc793"
"code/95_paper_mechanism_outputs.R","9dd2b71a03cd8d53ad38b2e9706ae999678eb21ba2b3c29964ac925611325060"
"code/96_data_code_audit.R","db7dd34fe53a35deaade692251f4f15fd114acd566e96224c405d90c0612e342"
"code/download_campaign_finance.ps1","be839bebdb3df2b24a69c1d4f8fa71197c42a6c590671f0067c9262fa581881c"
"data/annual/2007_controle.geojson","71dde9444fc4b453745c0f71b516a676064717c3b9295dbb94a0d568bf112fe8"
"data/annual/2007_influencia.geojson","eb0d3ce38423c9c6dfe851aa1211441e40be3ca41aacb5d3370315cc9cf86994"
"data/annual/2008_controle.geojson","b65fcfe424b4225bfc6160791aab7c0a523cf33b1a5c4b9d8ac48eeada619972"
"data/annual/2008_influencia.geojson","d91a310a4ae37d5c40a5886bd3ae1381ce5e5eb3dd98f272ad824d13b4c56f52"
"data/annual/2009_controle.geojson","3fcb4a8b0b5048d21b9fb5ba1fc5f76533bfa04a50850de2faf2bdb6863a7e48"
"data/annual/2009_influencia.geojson","b9c93ac965daf27a66a3641139a0f7d47ee9eb6d0fc5ea70c00a068d215567a5"
"data/annual/2010_controle.geojson","19665aad56c0f5df1bc2092c4c37103f58a2598267a949d65aee184df4993953"
"data/annual/2010_influencia.geojson","4c1b31b3589a5ce216cdc6e44ad43e362ed73ca6e622f6cdbcdba9666a114a44"
"data/annual/2011_controle.geojson","7be05dd116c13b6e019925c03f9ba0c6b85dd62ac8608be3d45073dea1fc4b05"
"data/annual/2011_influencia.geojson","fee00aea94c69c6cfb8c0c6a34dae2564b96aff5fc5b94ee85d95a2a7fb7f416"
"data/annual/2012_controle.geojson","36d303504b6e5ee72476f813af6cb4b43a8a9f8346182cae33f5e633f59922b2"
"data/annual/2012_influencia.geojson","3a44d7b4becf5384a95f1aa48275731080424b7995cd4a8c2a73aab3207c5d87"
"data/annual/2013_controle.geojson","f83ccc0475da89f2b86a78080bb93429682dd3528e83eed8f1d63d2933eab4b2"
"data/annual/2013_influencia.geojson","0a5a6aca280a420f00afa50d6a7036151fc800f386f04b1137a2386e1ec43618"
"data/annual/2014_controle.geojson","9a82fd329f18c28252e13916b4c4576e92526fca03bb27c838846ec01e8876c3"
"data/annual/2014_influencia.geojson","a88931ee909f90d2fe9c2dd44ced363fab4f216a046b8e85aaf24b1af423b4b2"
"data/annual/2015_controle.geojson","9b7cb2bd913428f4de229b92a4952f5c5df1943624d6bc77c71a526c9d4597f0"
"data/annual/2015_influencia.geojson","8a80590b43a87bcf63d22ed490a9251c09e16d2760f6fbab3d00eebf0431e706"
"data/annual/2016_controle.geojson","8ee681e8aa8ea9c6a350f4375f446cf02044f90eb320f7b83820109eab53c13a"
"data/annual/2016_influencia.geojson","bd8ca27b1bc5c3beb6b1df477bedf219e9649e2460ae6d2e3aa2ce63193031af"
"data/annual/2017_controle.geojson","e7bc3803e5236c4eff8b7ef8cb52e5a35d7aef413818f621eaceb4bfa339793b"
"data/annual/2017_influencia.geojson","3b462537583f0f637c754c0cf6cdcbc7aa061007242599f19d5994226c78beaf"
"data/annual/2018_controle.geojson","60bb40a033e41721d1386ab37fbcf3a4bcc8e5e6d19648a763564c7098375940"
"data/annual/2018_influencia.geojson","ddbb483da684c8b352a160d103dbc477a6685cfed979a5f5ef6580a26445892f"
"data/annual/2019_controle.geojson","31f16a4199f38ff890e946000d542dd0666987d0620657b1dc1adf70ba409f33"
"data/annual/2019_influencia.geojson","da99f2226addc5d80c8e6f469d27c1c34fdd03e57d383d3a09376ddc65ded497"
"data/annual/2020_controle.geojson","3fae1038ac7e011daf327655b06413abcae5afcff6dae2e8c50a381865b7610d"
"data/annual/2020_influencia.geojson","6ede034a647a37419289a58b3227266b0955c04081cdab8fbe2b3ba0168e2bd5"
"data/annual/2021_controle.geojson","c3f80c63434048e9f0c7d08afe3a2980541e1da7685821030f2b80101cd085cf"
"data/annual/2021_influencia.geojson","6833ea72ae6a48bd6a77ceb4eb8ff92563964c3219749fa51deedac9a824c4de"
"data/annual/2022_controle.geojson","b9651cd850f97a96d7f55ad4c008a302f5933d6c2ef6ca0e82963a492c7ac317"
"data/annual/2022_influencia.geojson","7b5837fa421fe7018c766de71aeda065f0ce1a207031cff64e9d0df1170b2e60"
"data/annual/2023_controle.geojson","507a549ca6078b7bb9f06e2ef6402d26d39ba3aa978af8ff607966089b9dd0af"
"data/annual/2023_influencia.geojson","d516c909dcf89b7052a68db5f65ccc787aa1aa14e2c933be797c5c0309452524"
"data/annual/2024_controle.geojson","99027785ede4e1e9fdb8d8bf388b8e3c9efc27151ecf30ef9dce7e2fd830af2a"
"data/annual/2024_influencia.geojson","36eac254d5a59c5b03d0ba745c58fb7b465923144623178ad70f7a9f7dac73a5"
"data/annual/yearly_polygon_stats.csv","8809174cd33c313926591cf380da18512e20c8d8dba069bdbc7ae7565060e485"
"data/annual_master_map_polygons.geojson","c6d65751693abcf1423454702d4f811e4179bd87b89b06036c8e71ef67815b8f"
"data/biennial_master_map_polygons.geojson","75beefcddeacbc3acae858bc8102aa7fe5f97ed6adf60db2189adaca7809f3a9"
"data/campaign_finance_by_candidate.csv","72a8ebf80feac6c46bb8c8565bb10a9021292630105c40d915bd2eb22fef56e9"
"data/campaign_finance_by_location.csv","d19d25bca995100decec3279d18ae25dda3adfcd65244fb47072d35bef7c2847"
"data/candidate_profile_by_location.csv","a11ad4f89f1f208b4035d9ba0792835dd311d1d094a893dde54c9a26a298960c"
"data/electoral_competition_measures.csv","b76cc17adb4a96191c40cd100596a09ae8f0174321d3884c04fb3ca9eb77079a"
"data/elevation_data.csv","5b558aad244e2b2b648bc80e1b41f4e187332b988b68d3133229f064ff077823"
"data/ideology_share_by_location.csv","f77dfef4ad05e9303f56b1b3711a587901625224daa87e63537db265349d74be"
"data/ipca_deflator_2024.csv","d01d87d7fe88ce76ac04ea3aa67eeb5e71bca658bf50cbde2933a9436832ca65"
"data/loc_faction_changes.csv","b910ef44a069f0f1e5621d8eed41302cad828b7577482d1c8e2463cf3cd08206"
"data/loc_faction_changes_2yr.csv","30c6f0103f160f4f03ff17019a704c1f4155eae4d9bf7d786b240bdc5656cece"
"data/loc_faction_changes_2yr_v2.csv","d6caa5121f40ae17ff89a836cac33e5f5c6320815a25ce7aabc39949a827a176"
"data/loc_militia_drug_distance.csv","7f07b06e57f3e53f6a2861439b68e1b622d53a5b57d1341920fc6fc907f2ee32"
"data/loc_to_territory.csv","d3c37ed6f953625fe68acb6bb0f4f25fa9493f8db103529cf41de0f2ffcf11c6"
"data/locais_votacao_metro_rj.csv","cb3618d4691d3fbfeea9af10eb3c9414a2d6c9d81f20015b9f83dd8340fb30ef"
"data/locais_votacao_treatment.csv","ab89aea500e33bb518937c8ba0074ca1d82b32beb0bc262f6b60fcb2ff368ae1"
"data/locais_votacao_treatment_annual.csv","e25fb95b18d284eae81b65b9e31cfd185d3e2b993c778536d84900e4bf7b8175"
"data/locais_votacao_treatment_biennial.csv","3b1165580762333a264dd462f355edec62854b32fbfe46fdc75fab8aec2c335d"
"data/locais_votacao_treatment_master.csv","adf2ba8629c80b0bd9503fca0093c782667b8168b51df3d4ada0c17315820153"
"data/master_map_polygons.geojson","07879a0836714f37ebbf010c4a76b37d7bd80e317e048e09a3352eb6910e754a"
"data/master_territories.geojson","1f921bbf5008c56659b04933ccfb480c205adc943eb3b63ebddaa4f2eb89b5d5"
"data/mgarj_2006_2008_poligonos_table.csv","2c26c74aae5f0c83b39594a61edac14aeffd3bb404720c08d5cd0906533c989a"
"data/mgarj_2006_2008_poligonos_table-rangelv.csv","3693d24b849f3b5e38340d8322fc807b82984556fea21c28f9847b9276ab82d3"
"data/mgarj_2006_2008_polygons.geojson","54c62933f76afac359caa01c4720a62af4a3e98d826547384dafa25b572bc9df"
"data/mgarj_2006_2008_polygons-rangelv.geojson","4570e707313ab4cb92927fb30e5b729de4d7a612169de9dc611d2b287fd76ab7"
"data/mgarj_2007_2009_poligonos_table.csv","53c7c9537af8214ca4d509a2846dacafa86d70c523eea8ffb168c6f73ed691b3"
"data/mgarj_2007_2009_poligonos_table-rangelv.csv","e52f17e5a0e5d1e3e4a24bed8a7c60b30cbabddf4e1c2dfa7820817a4574a33b"
"data/mgarj_2007_2009_polygons.geojson","0cd29a4ac519714d7816efb113ed234d465a0eb75772ebf3008d97c14a2895b4"
"data/mgarj_2007_2009_polygons-rangelv.geojson","72c29dfbdf2c16d6eb521f744e896b0037f5ce775df81f53533dfa0325ade25e"
"data/mgarj_2008_2010_poligonos_table.csv","967148590d8f7ac904783440b115246e6033f51aa30f7fe54f90d42415db24e2"
"data/mgarj_2008_2010_polygons.geojson","e8db6d6115e1128dfb8860f666b59e2f10d437bd963c8de5b8243139020b4ac8"
"data/mgarj_2009_2011_poligonos_table.csv","8c6cf9247e3b7f89782fe673c9bc8dfcdcf845a55aab33f9c204b0c3c852929e"
"data/mgarj_2009_2011_polygons.geojson","cfa05d93b8b1098cdf3937cbb2dc1c3e7ce3aa1a850862a8e780f4d00cbfbec9"
"data/mgarj_2010_2012_poligonos_table.csv","3fcc7ab281cd91c0127e17e5839d6535860d3238901b6cbea003d346eb17a99d"
"data/mgarj_2010_2012_polygons.geojson","4b57a001469b95220b9b5bd2e83b5ce3c7037e2077706e615df7e2308439d1db"
"data/mgarj_2011_2013_poligonos_table.csv","e0fc5e470cc82e533033b2118602c690b2ac47445bee1d35bd5c29a90e1d6d66"
"data/mgarj_2011_2013_polygons.geojson","6fb36eb6b4bf63c73702d54ee0caaf2a5d66dac993e9e321e8fdf5e268579680"
"data/mgarj_2012_2014_poligonos_table.csv","38683c846c50756ca0410909877dea8db8ec5338c081653b67725c310ebd5284"
"data/mgarj_2012_2014_polygons.geojson","717597842ed3ad3fab1c42729d1e686bee5f9a650e573395dbfdf5701a38f8a4"
"data/mgarj_2013_2015_poligonos_table.csv","aa622ae9007134d28924e386ac36944f07c88c9c46a3b08e27a414e612fed790"
"data/mgarj_2013_2015_polygons.geojson","926796d9b14f30a2bdf740f8c2dc3f9430715b3d6c153f50b4e5bd1f59f8ebb4"
"data/mgarj_2014_2016_poligonos_table.csv","6c52f328381b06326c22213f9159b5473cbb7fbd1b3f7ea54dd9e5f73ffe3ff9"
"data/mgarj_2014_2016_polygons.geojson","2259e1e1d3e417df8f1fa1a9dc18be218de64637d0c58015acc2c225d747319f"
"data/mgarj_2015_2017_poligonos_table.csv","0d8e2d3741854a8217b1dd9e07bff9280fd2a3788f4fca990ba3f410c45c7041"
"data/mgarj_2015_2017_polygons.geojson","91ffb422e274b55460c1fad8fb75e2060e192daff6b16afc7eac5fb251962ea3"
"data/mgarj_2016_2018_poligonos_table.csv","bf3dc27fbfbd9dbd234092e7ab666b1e411e7afbaed0f61c57cce9d992e8b74d"
"data/mgarj_2016_2018_polygons.geojson","a39804f9de6ba0fbe58117df3fc41c7bea6a6d45d8283c08e16ac725881eb5aa"
"data/mgarj_2017_2019_poligonos_table.csv","72be1716eaea39aa3436fdbca35d7847c4f4415ce1facbd511bb188f319b29c0"
"data/mgarj_2017_2019_polygons.geojson","5d8377b54b919eb18ba3cb227d071885bfd62d628d3a06a2c9dcf1fd0d595efc"
"data/mgarj_2018_2020_poligonos_table.csv","1d203379270137d2ddb3606f6016fadedcb0191d91f4ee85a374e85ab7f886a9"
"data/mgarj_2018_2020_polygons.geojson","a32147fd5b9b5ad1224ea434a7457ae7f88a5172a9d076d633140a27ea0ed100"
"data/mgarj_2019_2021_poligonos_table.csv","1c4d6dd05407635d4ba8d3f39aebdb91cdb1e10019c41d62ce12fb9bfd1f1ae0"
"data/mgarj_2019_2021_polygons.geojson","7f88873960e52939ebadb2b1a84bad0904c47598de894c02513a48f6796bd819"
"data/mgarj_2020_2022_poligonos_table.csv","b60c96f8db5827dae8bd97167bda4da67912e24184399ccb8431760c90627079"
"data/mgarj_2020_2022_polygons.geojson","a550a762a8d06ee769cc73f14c5f9f738f1e84f7e222e4cd2fb3f7762102fb36"
"data/mgarj_2021_2023_poligonos_table.csv","b296a67e8fad31e6471b67a3870998e48e3221051e6e04178839bc820c257e78"
"data/mgarj_2021_2023_polygons.geojson","1aa5bcd567638d802010253230372b32864e8321f6c402c4125a54b376280842"
"data/mgarj_panel_all_trienios.csv","aa9cc7922277d532614a511dc1efcfa3340b33467506c6d2b6f299dd15ac38e5"
"data/mgarj_panel_all_trienios_fixed.csv","cce8c7b34fb4e21b5e9507419fc9b4287f13c2c0d9b170ab651e1a929ed62f99"
"data/milicia_candidates.csv","03a05bd9c579b79898ad4f07e78cd7c402fdeb5715e39a076a23357b38f64134"
"data/municipios_crosswalk.csv","c2643dfeceada6dd1c54af3760f4d8f615ca212e5978638b49a3af0a0c29fb84"
"data/municipios_rj.geojson","e3db2bf8a62083e3244397484c743871035141b1b53c4b2b41f662e55b794c6c"
"data/party_bloc_by_location.csv","028271fe9c9cffb1c9720bf35f14769105c91b29f02b25aa5187a531de000d35"
"data/party_specific_by_location.csv","1a37bae302c4eefea3a9ddd430e153c99af91cfc57e6699c98b4ac36dac2a95e"
"data/qt_aptos_by_location.csv","2c8528d869d83c76ee2580a524f027ba5a227dd2b703f8139e41796589ee2fc1"
"data/raw/tse/prestacao_contas/prestacao_contas_2008.zip","d177054a0cf219a6232f9298c835939c13b9b5aa413318ca9682c792828e9bfb"
"data/raw/tse/prestacao_contas/prestacao_contas_final_2016.zip","e30f438711d9b2d6933b9a00fd2c36d44fb16403e925e70e1072caca502f8bdb"
"data/raw/tse/prestacao_contas/prestacao_de_contas_eleitorais_candidatos_2020.zip","a97993176c2b42135f412e41f1b9a2defccdbcaa68cfba892bcd55eef804d0b9"
"data/raw/tse/prestacao_contas/prestacao_de_contas_eleitorais_candidatos_2024.zip","8b168cb9351927c43aa41c3b4afcaa4d9626a88a4d7a9a5faea50758101b3152"
"data/raw/tse/prestacao_contas/prestacao_final_2012.zip","8c8778150864cf70142b7f481192f643721bc98a8d733355fcc03f5c6bbfa3dd"
"data/README.md","6c5bfb5788832cff2f41ba4b5c6a86d882ed210c9a61f43a64052bbb944a5229"
"data/territory_panel_final.csv","1015a91f4a079ec82ff55354872abbeb275b892887eed4b19bf0a99e81d18711"
"data/territory_to_cluster.csv","0eccef314277febc9ed5669a4b9c00053fdb731f555ac05ff484aa2a6f4bf3ff"
"data/territory_treatment.csv","da2f1af522b697573b9fcde5d04a0eb721f05f04999ea2144cf544b80cec12f4"
"data/treatment_2yr_confirmed.csv","dbf1ab6ee002bdc9c19713b3a4867e22fce762d62c8feaa64b54676d24699e57"
"data/treatment_2yr_confirmed_v2.csv","3d9472c969bbb55098df0a86b642677c1871b10c48ba821d3bbf30ae70107c26"
"docs/advancement_plan_outcomes_models_literature_2026-05-03.md","55a84c4e1a637cad11f6559e0f53f4d436265d86e618eea6aa5c4549816b9fdd"
"docs/data_code_audit_2026-05-03.md","6a0967f9211d516ab12263d2eeed0034e0059cdd032b6235a92037470903f312"
"docs/data_rio_georef_audit_2026-05-03.md","4a0813e228c71b7c3e00fcf43141a03f8bb0f033003252298ba00e4061cfc907"
"docs/data_rio_georef_audit_table_2026-05-03.csv","0e30300ab6d62130f2fd6815539f41c5d1712ecd87a0228fda2dd8cffc923643"
"docs/paper_progress_summary_2026-05-03.md","7fe839f84bde8237a0d1611eda40ba3deea37e9de23a4d774d100534f67436c6"
"docs/party_ideology_classification_2026-05-03.md","ff14fdda9d55d66c852b39214778d853519314fae2fc9be70151875c48ce1138"
"docs/party_specific_outcomes_2026-05-03.md","9567a62cd9965257f3c7f235da388ccd603593d01201118625e5b9bc9d575f4d"
"docs/political_campaign_status_2026-05-03.md","fd1542c3628329423d307674e197742a572f3ffd48e8e24c1dac3d0d6a1c5e71"
"docs/proposal_coauthor_extensions_2026-05-03.md","46f6123e1357cf707f202a125e9970152a85c15af72f91c1a1937fb3ff91fb6c"
"docs/research_design.md","80be66676f309a835eb3f9fd7e39aea1dd22f7967845b56b05b5599da3d241ab"
"docs/REVIEW_FOR_faccoes_competicao_politica_AEJApplied.md","0b513f7c215464e8529f211683c2f613dc2f5ed6b29d2686cad398a05602b1ea"
"logs/.gitkeep","01ba4719c80b6fe911b091a7c05124b64eeece964e09c058ef8f9805daca546b"
"logs/94_campaign_finance_download.err.log","9eafb54b7d04e3a6fa5747f2bc6874f47810df5238640cbba14ed9e3786230a5"
"logs/94_campaign_finance_download.out.log","ea36160e27b732f87ebb457fbb6c6b27fbf70b92b431a5b8ecedfb4b5d313660"
"logs/download_campaign_finance.log","6653e325bc75045fe16fe82afd57c5efa61d4e5e64df0268f9a5019b0d8b802e"
"logs/download_campaign_finance_runner.err.log","b6f1f354b4c01f23fa204584138ce9d7a604c0e32b3a29161385cfc56df8adab"
"logs/download_campaign_finance_runner.out.log","a141217e5bdaedcc5d238145fd739dcd3483a9905f422ce70e2b21f38b28eaff"
"logs/download_campaign_finance_runner2.err.log","63d5c491aaaec06788dee0a65748ddcdf1e2f4d2de8d7069a5d83de5874b06d9"
"logs/download_campaign_finance_runner2.out.log","09f5dc51c1a7002b4f0b189871523ffadac1102f1350025c96a6bfd9fe419876"
"MANIFEST.md","44b646089e6e83c6b2bec87768c31254685893606cfa2e5f69271ed705a6a031"
"paper/figures/.gitkeep","01ba4719c80b6fe911b091a7c05124b64eeece964e09c058ef8f9805daca546b"
"paper/figures/fig71_map_2008.pdf","923479f9e6b4a587c3da390305bb25d9fea10456de644db62f7f8d42c9ad84f0"
"paper/figures/fig71_map_2024.pdf","47ba74261fdbbde5bc6e335e62f5e65fdce6282d0e1145d64f42e4a36a0dfcbe"
"paper/figures/fig72_map_rj_capital_2008.pdf","631265b5b472ae479e9f51bfd3236193a987f7315e7032a83666b02978ddbc85"
"paper/figures/fig72_map_rj_capital_2024.pdf","f85ccbc5b3f09777ec153738085e057403700c332baa57bb11870b6676e42baf"
"paper/figures/fig79_es_drug_demeaned_prefeito_enc.pdf","cfceff1338b8166dc24bfc0091f3b1bda4208fba71ba71e41954ae219125e6b9"
"paper/figures/fig79_es_drug_demeaned_prefeito_hhi.pdf","a2cd33b5baa511f9cbf889581d97101cf5469df114df6bbba88535df98e7c015"
"paper/figures/fig79_es_drug_demeaned_prefeito_margin_victory.pdf","ee5dda05b291f00dc910feaafd9273f4135c6ee09455610e98c1a39e47de19d3"
"paper/figures/fig79_es_drug_demeaned_prefeito_turnout.pdf","395e474951395a39dbfcde9ff0e36e2f0668a8215f53fcccbdaa08d08d2a652d"
"paper/figures/fig79_es_drug_demeaned_vereador_enc.pdf","eb866fbc42f304338bef70d6c20159adb94e22973140baff1a83477426165b13"
"paper/figures/fig79_es_drug_demeaned_vereador_hhi.pdf","a2f0eabd3ae721cb204bc95753ca239d7244296a3c180f54d9473ec6ecc8ab04"
"paper/figures/fig79_es_drug_demeaned_vereador_margin_victory.pdf","e285574ac161c91521a12c38ce7a97d386a969643dd7d015443e3ceb9bd8030a"
"paper/figures/fig79_es_drug_raw_prefeito_enc.pdf","0c0cd591b5c8f3a843d5a6b713d51795f4aecc507b86ad9e3b742e591edbcf5a"
"paper/figures/fig79_es_drug_raw_prefeito_hhi.pdf","39e8e6bebdd9ecbbc09cedddda5efe21fc4343d6d626d736e6f49fc48c7cd4fa"
"paper/figures/fig79_es_drug_raw_prefeito_margin_victory.pdf","2c511530dbe8d087805054c49e276f573a4ff1d254f4923af5bc8805a1421fff"
"paper/figures/fig79_es_drug_raw_prefeito_turnout.pdf","c165c163e23c1ff7b5c72dc8242ac39918056f3cce68aa0fbee144b945c4432b"
"paper/figures/fig79_es_drug_raw_vereador_enc.pdf","7a98833ff42d0274ff8a4d9ebce9f0d0f75536345588c0dc09d88ff85038223f"
"paper/figures/fig79_es_drug_raw_vereador_hhi.pdf","eebe2bdcd3be44042a6c23c454ce6801064991872721ae822a963b2b2218fcb1"
"paper/figures/fig79_es_drug_raw_vereador_margin_victory.pdf","5ca62d7192292a1191780a9dc9936422e651deeb9bca78fa9b9c9c57c6681225"
"paper/figures/fig79_es_militia_demeaned_prefeito_enc.pdf","04e94a7f408e84e00c526c36688a0eb3a0308d04a011a56d3d50c9d22f02ea74"
"paper/figures/fig79_es_militia_demeaned_prefeito_hhi.pdf","8c60de0d5a4cb6f1c8339d18c8d269d146faf8a7809ad63143d1be9cb8039d12"
"paper/figures/fig79_es_militia_demeaned_prefeito_margin_victory.pdf","812a58531feb18985a27a480805b3c1374133d6aa5b408b66324d5043eb6fdba"
"paper/figures/fig79_es_militia_demeaned_prefeito_turnout.pdf","0f6efdee3b7ceb16d25ee266b5e5953cb1e3f144f51a9326f69716027a4a5fda"
"paper/figures/fig79_es_militia_demeaned_vereador_enc.pdf","7926758f88a63a3814973c7425ee7419357f4006c5b66a0f5fe97bc34feb8009"
"paper/figures/fig79_es_militia_demeaned_vereador_hhi.pdf","a9f432c39fc80ac2393e43b744b5fcdb8e24186433e0d4823d70c3ea6980090a"
"paper/figures/fig79_es_militia_demeaned_vereador_margin_victory.pdf","51da36f3490b647b3dc35793b78f21c5d3371b9ac2ca6407fbf0a4864170b810"
"paper/figures/fig79_es_militia_raw_prefeito_enc.pdf","766106ee9a9ee88af15f30760c3f2931462eb6fc74da89f8898028bf49cee014"
"paper/figures/fig79_es_militia_raw_prefeito_hhi.pdf","e006a3c8dfd162b0ac79728f5bdd7261b563e63ec3ccab495b476e9c3b7c1327"
"paper/figures/fig79_es_militia_raw_prefeito_margin_victory.pdf","8fee3b6d64cbdaf074a1fa8a166aa0a6294e6c6a817d406d530a3cd6ab930478"
"paper/figures/fig79_es_militia_raw_prefeito_turnout.pdf","f2babbf9d7914717e5f6254e1ecfff4ecd1e92ff51cc67d9d19ac084a9a95092"
"paper/figures/fig79_es_militia_raw_vereador_enc.pdf","76f9aa953910a84b07a9873cec1cbeacdcfcb504e1fbabaee6b1fd038db0fd66"
"paper/figures/fig79_es_militia_raw_vereador_hhi.pdf","a121d948fc2fc21e02ad24561b705d993b0a657e02270f71fb4337caa06f823f"
"paper/figures/fig79_es_militia_raw_vereador_margin_victory.pdf","c3e6476f25fc9ecabb4d8936ba39d8994cccca819cf998f8a7b5a66779f3ab29"
"paper/figures/fig80_honest_enc.pdf","492b1728435d740c2b7f010c5dfea2356693caab4b55651ff0a0b666fd769dd0"
"paper/figures/fig80_honest_hhi.pdf","177eeccd182ccd6cbb91544bf8cac2f829b3da3f2e3b25c909ec3bb2bcfde464"
"paper/figures/fig80_honest_margin_victory.pdf","8975c75c3208f0888ef1ac40c1fcf79f989beb187a0070435d286856b5116880"
"paper/figures/fig80_honest_turnout.pdf","e356b6dce7394e20ab839a9c80cd26d10cb9693f58cde3a69293107df0f01777"
"paper/figures/fig95_mechanisms_prefeito.pdf","e52ed95107a523c5cdc6a20fa8b19be3b5aa8a21bebf8b0351ea9741627775a4"
"paper/figures/fig95_mechanisms_vereador.pdf","70e785e08b3cfbb546a745fb76117e673060efb7922dbebca96194d642458977"
"paper/main.aux","2e8fae7c8be00144c08ee35a579169c3b55b8cee5fa26ad863ff8492f6d3532a"
"paper/main.bbl","4b23870ef160ab6a469069935b3ce6e34ca4d20a3f475709ecfef665bf96c6d6"
"paper/main.blg","92b5abe89ffed2c333b93f9b6e816f792fdd562a1ed1abab08f57b2e61cdcf33"
"paper/main.log","a264d83ef25e36a5ec9b237233ba08eb5c1f50ea7a5c2b464bc6e0f6b0e4da21"
"paper/main.out","e3be6d9e987ab11a8921438d0bfc7055e81feabc9ac6a2e0aeeb60b62283b337"
"paper/main.pdf","ae9523946c2bae2a433a4db3c5f92f7fc2189df85866f12ec3edd38e86da3f3e"
"paper/main.tex","085aebb1951c1bf0d29e390e9eb14534675204d12233ef4b99a12836b5c16f6d"
"paper/references.bib","390667aa410027418a0820cc0dd57b5bd914f92f41f0dceaccf606866a8ebd76"
"paper/tables/tab83_sumstats_baseline.tex","3e9edad929c89f43cddb68f077093c00f2f823ccae60c8a0ab32665afd3f09fb"
"paper/tables/tab95_mechanisms_prefeito.tex","8cd6abdc0363f100d4e3096bca15945e4f661d0a512a7f621747176235f89f92"
"paper/tables/tab95_mechanisms_vereador.tex","582041ef605a6b8cb6c3bab7a54efc7258c0a075a063430bb053c10eb6525013"
"README.md","33d1cdae52bc0b9d1e14be94cd619ea015ed5c69513f836ec880390505c29651"
"requirements.txt","ac2f211c11434ee81152947c1edabaadd7a025eac6dd6a90e86f72f5d636adfa"
"results/.gitkeep","01ba4719c80b6fe911b091a7c05124b64eeece964e09c058ef8f9805daca546b"
"results/fig70_coefplot_prefeito_enc.pdf","d18022897c9f047ad56031845a5f9e054c0ebd108cb157af1cc87bffd11659f6"
"results/fig70_coefplot_prefeito_hhi.pdf","690e8970a7c541de3673d218f695b53dba006ec2f744e3b0b928949a28d7eb2a"
"results/fig70_coefplot_prefeito_margin_victory.pdf","35a02639d849eb27cb868bd9b288284dbd53c23c53d82f6bedd2498388923a3a"
"results/fig70_coefplot_vereador_enc.pdf","9cf2a54db1b5e6062f1d1c2d583787a8d94742736f5e195eae8bd114343f31f5"
"results/fig70_coefplot_vereador_hhi.pdf","2339e9934bd4c0fc6897ac70a6ca685cdec911328ac9bc3146f77ee67fb22f37"
"results/fig70_coefplot_vereador_margin_victory.pdf","0769c15959a02c59ecf037f80ed7c81ab474beec598408acf62bfb42f132591d"
"results/fig71_map_2008.pdf","51a7814101775578bd5f6449df99cb789ce8ec03ab508bfe9c9f0cd657a3c61e"
"results/fig71_map_2024.pdf","74c912cba888a00a3210be5ba2f6f0803fe0fc1b1bf5592dc170c5371cd15111"
"results/fig72_coefplot_prefeito_enc.pdf","f273e615da166729068da458487252b62354f37c1185e5174f641c0640768e0a"
"results/fig72_coefplot_prefeito_hhi.pdf","d4f0a1661e3a1601caa168463db0a10931db2b39190a5b17f06cf5bbddf96301"
"results/fig72_coefplot_prefeito_margin_victory.pdf","bd48294cd86cc375977df33aed8882c138cd972c8fba1d85da9b62406a2259b9"
"results/fig72_coefplot_vereador_enc.pdf","20a6842601d396ef48bea056fb28278bb6d19ecf67e50af062b0488719ef3709"
"results/fig72_coefplot_vereador_hhi.pdf","b678c1871832477d9a14991e570f7c26502bb7a59c9180677b06f91bc2c059f4"
"results/fig72_coefplot_vereador_margin_victory.pdf","3e6a302324ec2d1a3f2c842bc1695f8bdcc5dfc92a241fc7fb7abdef08be538c"
"results/fig72_map_rj_capital_2008.pdf","631265b5b472ae479e9f51bfd3236193a987f7315e7032a83666b02978ddbc85"
"results/fig72_map_rj_capital_2024.pdf","f85ccbc5b3f09777ec153738085e057403700c332baa57bb11870b6676e42baf"
"results/fig74_coefplot_prefeito_enc.pdf","283a0652083ee19545255f9e5e3785b0843ae024dd0aefddbf2bfaf403ae1bf8"
"results/fig74_coefplot_prefeito_hhi.pdf","60651963ae7a20214bea61fd3f5eaa9389588bc4f0d1feaf7ab9774a9ac8ead7"
"results/fig74_coefplot_prefeito_margin_victory.pdf","eff2eef6a3d870d75d5dd7f46007553eb93d952af472f17880b0b066b3e91ea7"
"results/fig74_coefplot_vereador_enc.pdf","c4dc2bc0899725d34628ba0409c2e87b9bdd91d9c2def6fc120a8fc9a20d21ed"
"results/fig74_coefplot_vereador_hhi.pdf","e7e5f09e2334e896f794aace058d3e6553792efbacb7f0dba7867f27e10c52a6"
"results/fig74_coefplot_vereador_margin_victory.pdf","9708667c1deff058c366c94416529698c4174734b9c7cea9161855960a3dd9e3"
"results/fig74_es_militia_prefeito_margin_victory.pdf","38b5a8d95fed8f650ff0c87571907371463324af738a218f5029fa92134b18f9"
"results/fig75_coefplot_prefeito_enc.pdf","a4e83ce49c44b84ef8f950bd3bcb067d4e14f1668f51f14a93b12c6e7eaba94b"
"results/fig75_coefplot_prefeito_hhi.pdf","f9186e2b7d89e784aa547eca264a5d02f579f525e5adcad01a9fcb72f37a386c"
"results/fig75_coefplot_prefeito_margin_victory.pdf","893aeac9b60d78600d2128cad94ecef872bf65da139e7afc54577526ce9b4710"
"results/fig75_coefplot_vereador_enc.pdf","c4a71fb279474affb019b24400fa85bd8b8e02b429c60d7ae543e871f22611d6"
"results/fig75_coefplot_vereador_hhi.pdf","31170374a70927666a0f528bb06947334cf922093a2f55cd5f532063decebd64"
"results/fig75_coefplot_vereador_margin_victory.pdf","eeeb5987cbd67f38e3b20419a957959a891fdb5dc0a342d2d6efdb3f5309ee2a"
"results/fig76_capital_baixada_coefplot_prefeito_enc.pdf","ed1f473acc396a4d5577801dcfa10337d73bc7662ec468f846b6dfc769b37744"
"results/fig76_capital_baixada_coefplot_prefeito_hhi.pdf","8a75e40134d9fe3598d3ef46e82db34b26ca958a23bc44e3823568275d4f81b2"
"results/fig76_capital_baixada_coefplot_prefeito_margin_victory.pdf","d2689198233bb769e4440e6de2e52e3df83ec0a72d236859509a031f3b573568"
"results/fig76_capital_baixada_coefplot_vereador_enc.pdf","41948072b9743fc0e91afc9bfd1deb624543028587cd68adde24d2de7f4f1ced"
"results/fig76_capital_baixada_coefplot_vereador_hhi.pdf","d5264fcef117b73787f7ca684b71a266a48a7d64026761c733dc2b7977f49649"
"results/fig76_capital_baixada_coefplot_vereador_margin_victory.pdf","89e8758b229a1b9ce6a14ee2f327d7f334c38633d845f7003130ca8b0538a28f"
"results/fig76_capital_only_coefplot_prefeito_enc.pdf","7fc76fa52e79afe52c3705cbeeda15aa828b3087b77da4ba546592877a887c1c"
"results/fig76_capital_only_coefplot_prefeito_hhi.pdf","5b7638281d54c7cf3f290db7cd2a9462532d76cfcc4f1d820e0ed32e43e594e3"
"results/fig76_capital_only_coefplot_prefeito_margin_victory.pdf","b8edad729da5027ce16a46b91f35c728f453b256028296422043d90dd6e1ef39"
"results/fig76_capital_only_coefplot_vereador_enc.pdf","496cfeef878cd4bf046829e4ed8e57240212f2de70c344e4f2584bced274159b"
"results/fig76_capital_only_coefplot_vereador_hhi.pdf","45e997578085bb7b321155361f2dcfe58f29b8c281755fd63f30eeb5f77791cf"
"results/fig76_capital_only_coefplot_vereador_margin_victory.pdf","0cf58aff0a5daaef2869ba4c2b96f54249fcd95695385c17e06012829110582b"
"results/fig77_capital_baixada_coefplot_prefeito_enc.pdf","50219103e7a126c5d8a89baf4cec874d9b48628b8e9de2852baf65ba06ea6e8b"
"results/fig77_capital_baixada_coefplot_prefeito_hhi.pdf","ab420021166d82523fdc3ba7d6545ad2d330fde6f6511e79d3011dc171bf6948"
"results/fig77_capital_baixada_coefplot_prefeito_margin_victory.pdf","b820df6889325d6d441037b4c754e11d6406c5e4e11247ed6c8f711beddb26d2"
"results/fig77_capital_baixada_coefplot_vereador_enc.pdf","c75557e50bfff0b912060df47bb8b9ab77f337c70fa2bae571d4bca76dfed7bc"
"results/fig77_capital_baixada_coefplot_vereador_hhi.pdf","f1305750e31fc50540d1f63727e1fd44f786f2835a464d0aeed91a5ba1454389"
"results/fig77_capital_baixada_coefplot_vereador_margin_victory.pdf","abc8e34ccd923cd80423851e83374001ca9156180536cf6c12aa5c24ffe8c5e6"
"results/fig77_capital_only_coefplot_prefeito_enc.pdf","4649ff29d7f039f2d7ecb83c16ef624ada9175f4fbfb56625b4b5eda19fcb121"
"results/fig77_capital_only_coefplot_prefeito_hhi.pdf","315f5785e01823706fe4d54c0126b41debfffb6c21adae0537265a5c76c39465"
"results/fig77_capital_only_coefplot_prefeito_margin_victory.pdf","9d32ab35be414a208b821b217558adeace594988226e51cd80857be25898dfb5"
"results/fig77_capital_only_coefplot_vereador_enc.pdf","d418a5d33f3df021b4f4c5fb19ccfd19f6f34c72cc10fe8fe713d7284d366eb5"
"results/fig77_capital_only_coefplot_vereador_hhi.pdf","434eafad5f7c568cdeed57e097df60a4b14d0383450d959e29b8e789de29320e"
"results/fig77_capital_only_coefplot_vereador_margin_victory.pdf","739f3672a6c18f76b8c78bbd86484e1c4c8f9083774153a62ac0d0cb480dac39"
"results/fig77_no_covariate_coefplot_prefeito_enc.pdf","ac85021f2d8423a76c66b88a3ea302e985bdc4a3ad35434d2be5d523eba1407a"
"results/fig77_no_covariate_coefplot_prefeito_hhi.pdf","bf34847728548db98ab317bdeacea4af860810f5aca75f12b9422709d28ec761"
"results/fig77_no_covariate_coefplot_prefeito_margin_victory.pdf","19f23b12faad50e5bd79672002bd40f768a157aa80b007a771ccf3fe9a92d273"
"results/fig77_no_covariate_coefplot_vereador_enc.pdf","9ab9032d4e712bacb9b6d2a068b0abf9bfdd51a78c8eff8b362820d259af1da2"
"results/fig77_no_covariate_coefplot_vereador_hhi.pdf","12b0a3dce2a16a72c7e689a8469086d545ab500edb45fe9147a6071404109030"
"results/fig77_no_covariate_coefplot_vereador_margin_victory.pdf","67579864b4d394d2d117bd30c5b24a8fc2b3e8bb2d2931cb3da0739249ce57de"
"results/fig78_capital_only_coefplot_prefeito_enc.pdf","f278cb27164f6e07c9216de44500d0a463a3cca180b6befb30e80d735c343860"
"results/fig78_capital_only_coefplot_prefeito_hhi.pdf","b72127116ef545895029af59583efd9fc989b316cbd5d1f7776a4eb84bf670c8"
"results/fig78_capital_only_coefplot_prefeito_margin_victory.pdf","1dff2788aa0cfdf9ec2368260629471eb7e8b0dd8e61aeb004818bd11bfdaae9"
"results/fig78_capital_only_coefplot_vereador_enc.pdf","70e2f46d7ae2ab27ef902c48b46cd92a7b32361930070ae9b4b439dd95ac949a"
"results/fig78_capital_only_coefplot_vereador_hhi.pdf","88fb5c9e8d140acecf32e3ca4263405296f8bbea944a20bbef14695ab6e95f87"
"results/fig78_capital_only_coefplot_vereador_margin_victory.pdf","3ee01961d4e6c55ba2f2f12bdcae5076182cedf5e25973eec2d1cd62b8907659"
"results/fig78_demeaned_coefplot_prefeito_enc.pdf","b38762f526656c6fddce64a5493d0945c507bf31aa973d034cbdae57f02d20a4"
"results/fig78_demeaned_coefplot_prefeito_hhi.pdf","ead806f1cd962967d99188746e439968a118547d958c8e32bcd9988633624579"
"results/fig78_demeaned_coefplot_prefeito_margin_victory.pdf","56d3343e5bcb6514d6605986a5d6750867c2ee934219c61fa050c4021dd4d666"
"results/fig78_demeaned_coefplot_vereador_enc.pdf","3b1952ee846f2e7589578d08a4302e38cb00c394ba76dd4c34cbcfd72888398c"
"results/fig78_demeaned_coefplot_vereador_hhi.pdf","822c6c407ae12c3680808ba8ee6d93e5abdaab073a7f42c981c0a9e7d2c84cbf"
"results/fig78_demeaned_coefplot_vereador_margin_victory.pdf","91b917de3b1b487720ff57c396690005af2355bc4bdeae8af954c8b59c6c4505"
"results/fig78_raw_coefplot_prefeito_enc.pdf","df4e6e62f216d3aee44d151fed8c220322a4018f0d42d63524fd6b6073fca760"
"results/fig78_raw_coefplot_prefeito_hhi.pdf","0c6afa12ae2ab428a89ebfa827e679a07f76fd1b05479deec737d245525c68ff"
"results/fig78_raw_coefplot_prefeito_margin_victory.pdf","449bd004f3b6447a217da5bec0740f84055eccf113a4eeb574a3d851c383130e"
"results/fig78_raw_coefplot_vereador_enc.pdf","b6d58cae0876dc88fc837beb149aa5f12cc7c512323a9f377a9506d62de7f770"
"results/fig78_raw_coefplot_vereador_hhi.pdf","53ae309aa123a345a0749277e0f681004399069e9ea1acaa696233b540881716"
"results/fig78_raw_coefplot_vereador_margin_victory.pdf","da85c1ed536c18266646b979286b7de28a1c02b8dd6415725ae2a15974e42374"
"results/fig79_es_drug_demeaned_prefeito_enc.pdf","cfceff1338b8166dc24bfc0091f3b1bda4208fba71ba71e41954ae219125e6b9"
"results/fig79_es_drug_demeaned_prefeito_hhi.pdf","a2cd33b5baa511f9cbf889581d97101cf5469df114df6bbba88535df98e7c015"
"results/fig79_es_drug_demeaned_prefeito_margin_victory.pdf","ee5dda05b291f00dc910feaafd9273f4135c6ee09455610e98c1a39e47de19d3"
"results/fig79_es_drug_demeaned_prefeito_turnout.pdf","395e474951395a39dbfcde9ff0e36e2f0668a8215f53fcccbdaa08d08d2a652d"
"results/fig79_es_drug_demeaned_vereador_enc.pdf","eb866fbc42f304338bef70d6c20159adb94e22973140baff1a83477426165b13"
"results/fig79_es_drug_demeaned_vereador_hhi.pdf","a2f0eabd3ae721cb204bc95753ca239d7244296a3c180f54d9473ec6ecc8ab04"
"results/fig79_es_drug_demeaned_vereador_margin_victory.pdf","e285574ac161c91521a12c38ce7a97d386a969643dd7d015443e3ceb9bd8030a"
"results/fig79_es_drug_raw_prefeito_enc.pdf","0c0cd591b5c8f3a843d5a6b713d51795f4aecc507b86ad9e3b742e591edbcf5a"
"results/fig79_es_drug_raw_prefeito_hhi.pdf","39e8e6bebdd9ecbbc09cedddda5efe21fc4343d6d626d736e6f49fc48c7cd4fa"
"results/fig79_es_drug_raw_prefeito_margin_victory.pdf","2c511530dbe8d087805054c49e276f573a4ff1d254f4923af5bc8805a1421fff"
"results/fig79_es_drug_raw_prefeito_turnout.pdf","c165c163e23c1ff7b5c72dc8242ac39918056f3cce68aa0fbee144b945c4432b"
"results/fig79_es_drug_raw_vereador_enc.pdf","7a98833ff42d0274ff8a4d9ebce9f0d0f75536345588c0dc09d88ff85038223f"
"results/fig79_es_drug_raw_vereador_hhi.pdf","e3757f2f4683d1fbc24094572fab5dd51743da7386f0cb3378a41d9d191ba618"
"results/fig79_es_drug_raw_vereador_margin_victory.pdf","5ca62d7192292a1191780a9dc9936422e651deeb9bca78fa9b9c9c57c6681225"
"results/fig79_es_militia_demeaned_prefeito_enc.pdf","04e94a7f408e84e00c526c36688a0eb3a0308d04a011a56d3d50c9d22f02ea74"
"results/fig79_es_militia_demeaned_prefeito_hhi.pdf","8c60de0d5a4cb6f1c8339d18c8d269d146faf8a7809ad63143d1be9cb8039d12"
"results/fig79_es_militia_demeaned_prefeito_margin_victory.pdf","812a58531feb18985a27a480805b3c1374133d6aa5b408b66324d5043eb6fdba"
"results/fig79_es_militia_demeaned_prefeito_turnout.pdf","0f6efdee3b7ceb16d25ee266b5e5953cb1e3f144f51a9326f69716027a4a5fda"
"results/fig79_es_militia_demeaned_vereador_enc.pdf","7926758f88a63a3814973c7425ee7419357f4006c5b66a0f5fe97bc34feb8009"
"results/fig79_es_militia_demeaned_vereador_hhi.pdf","a9f432c39fc80ac2393e43b744b5fcdb8e24186433e0d4823d70c3ea6980090a"
"results/fig79_es_militia_demeaned_vereador_margin_victory.pdf","51da36f3490b647b3dc35793b78f21c5d3371b9ac2ca6407fbf0a4864170b810"
"results/fig79_es_militia_raw_prefeito_enc.pdf","766106ee9a9ee88af15f30760c3f2931462eb6fc74da89f8898028bf49cee014"
"results/fig79_es_militia_raw_prefeito_hhi.pdf","e006a3c8dfd162b0ac79728f5bdd7261b563e63ec3ccab495b476e9c3b7c1327"
"results/fig79_es_militia_raw_prefeito_margin_victory.pdf","8fee3b6d64cbdaf074a1fa8a166aa0a6294e6c6a817d406d530a3cd6ab930478"
"results/fig79_es_militia_raw_prefeito_turnout.pdf","e06e411c490b406642e593347ad639fac08372b3b4a258c32eaf7aa43fc40099"
"results/fig79_es_militia_raw_vereador_enc.pdf","76f9aa953910a84b07a9873cec1cbeacdcfcb504e1fbabaee6b1fd038db0fd66"
"results/fig79_es_militia_raw_vereador_hhi.pdf","a121d948fc2fc21e02ad24561b705d993b0a657e02270f71fb4337caa06f823f"
"results/fig79_es_militia_raw_vereador_margin_victory.pdf","c3e6476f25fc9ecabb4d8936ba39d8994cccca819cf998f8a7b5a66779f3ab29"
"results/fig80_honest_enc.pdf","492b1728435d740c2b7f010c5dfea2356693caab4b55651ff0a0b666fd769dd0"
"results/fig80_honest_hhi.pdf","3ce707250cf484c145c6248f94ced07b2f9f7de24433a3c4d8abbb8013ef9de7"
"results/fig80_honest_margin_victory.pdf","8975c75c3208f0888ef1ac40c1fcf79f989beb187a0070435d286856b5116880"
"results/fig80_honest_turnout.pdf","e356b6dce7394e20ab839a9c80cd26d10cb9693f58cde3a69293107df0f01777"
"results/fig88_es_drug_prefeito_turnout.pdf","f39069b3b80ef4df683213f150962f9bc303830b5805a51b55548719b23f55de"
"results/fig88_es_militia_prefeito_turnout.pdf","b2c641e4d53247a7a1beb7180eadccb51018194c8166a3f43cc87331118f2a1e"
"results/tab70_main_es.csv","be99a82f21bb5e3d8b926d25196b376c3ca6b8b4137ddefe3e83d09eefb02b24"
"results/tab70_main_overall.csv","ff463126ae0e47328a9664460285d443e68c48f9ba9627f3d0fbf978cd0baae4"
"results/tab72_rj_capital_overall.csv","417fc3c4650b3e45afe0e8ebd136e0bbd43a4d109e12b6f145ab34e34541506e"
"results/tab73_municipality_robustness.csv","1e3aca97cd97827fbb64104d3d9db4dc88bd3a35966ba993f6d95b4a7c80ccf6"
"results/tab74_demeaned_es.csv","f333d5fbf8db833f581461f177c0975c4b732fb5998d75a387c70ce8ef60a67d"
"results/tab74_demeaned_overall.csv","77ad74d0e669d263dacbdf209ef33958bc065b8d6f41f07de38c47ddf0080a86"
"results/tab75_region_dummies.csv","ce493b61c6c35514b3ec5797b748cd529a90f5c97e9cac62aea7d14eec4faf17"
"results/tab76_capital_baixada.csv","f7830ff0b8d4ba8972e8596c5d7cdcb3651c34c258ba031ea8c2c2d8bf57b3df"
"results/tab77_simple.csv","f9e7c815f597f72cfa94e6d8db27eefc9723fe4ee45419e3c168484be3f4e122"
"results/tab78_three_specs.csv","ebcc9289aa1f584851e11688e2340a1fe8e7c26e3d68a0c801dd880631c64cda"
"results/tab79_event_study.csv","0e4fa8f31ca70815f4243baebb4f7f5a61f4fadb8586dfc150200a7be048a26f"
"results/tab80_honest_did.csv","ebe83121ca27d0adf1db9b25d4b0820f98a086001ea974e045966bc5de1f8130"
"results/tab81_csdid_vs_sa.csv","3fe99aa4421eec19fc65cbd3409b9ef16536bae6b5119b3facc6f33151fd6139"
"results/tab81_sun_abraham.csv","c9d6a01c16ceb5c982e320546e226cefbcbd64b14de85acb511d2bc48a977a58"
"results/tab82_placebo_lagged.csv","7fdc3e43bdf30f5564813c2979d315dfba0de2fa6efe17ec84d817db04ca5465"
"results/tab83_sumstats_baseline.csv","8047397222c31fa890b49096e3f2ecc2454bcd76810e9712bd05dda180c6c46b"
"results/tab83_sumstats_wide.csv","785f06268e7fe641e6b06670f513e8ea7f60db9601dc546f5227340af3674d88"
"results/tab84_magnitude_translation.csv","1dca6666372de71bafa096040581b142c94e3ec63e4b8e2bde8d752f2dffdbec"
"results/tab85_cluster_comparison.csv","e6cee7536fc7fdca1263250af844a13b298a72a3fcde34fa80ff7b67c08ccf37"
"results/tab86_equality_test.csv","d48ee177e08aa5d5ddfbc789ea74b7a53a15b212fda18cb0bd90a525ce8e7972"
"results/tab87_balance_drug.csv","f69b59da8c59e8ca0ac7ed6030af07107d42b334bfcc66cd991da40ac84cefd9"
"results/tab87_balance_militia.csv","88b6b7ef2abfd7d457f6aa640680a6950dff51bfe1c3f587ae010b38666e1247"
"results/tab88_turnout_es.csv","9a4e828f15ba749f5fddd593dfc8c2165dd961647df214add962160b0a7b17eb"
"results/tab88_turnout_overall.csv","511fd9b87391de5b4d7c48eaeb6412baadf359026c2b3988bfdf9686625baad4"
"results/tab89_dynamic_overall.csv","647aa37fa764bf548a41f1dd8ba474fb6f9ca632fa1e59d861c00cf2cb70edd1"
"results/tab90_turnout_decomposition.csv","5f9eaf3cb8b70da71a2f70fa66c5ecfa6d7afbc7083a1c1305f5d6cac9337ed7"
"results/tab91_exposure_duration.csv","f16746490e1fd698eb9133f01c97651542a5312a7ec497505129c83e3bf08abd"
"results/tab91_exposure_duration_long.csv","5f89e65f117a79328baf519fccbd709f16de79152646784a90d013ac4381c55a"
"results/tab93_party_classification_coverage.csv","7743f64452f39425cbb2c7ad77d97f00edb83c4797212d51a76724fb978a363a"
"results/tab93_political_profile_es.csv","55eebdf795fa421394877f6446b1da31759ec925101d68c645e9cbaf4d31a695"
"results/tab93_political_profile_overall.csv","ef18aa3960c99fce2132a9ef23d8071d2b9cbcbf9320c2b0e42a68eb26401597"
"results/tab94_campaign_finance_availability.csv","a5140fb60be2b2f6af741ec8ec4fb902357d0271e9de706864121d7354b29c33"
"results/tab94_campaign_finance_es.csv","30d6aa3122184d5cf3d3ef0458623acc87c9b25089e5e8aaab561894431cdb56"
"results/tab94_campaign_finance_match_quality.csv","5ecbbbe5ba564506976a5a8607389a0c0a057713dc4378f6a5cb44f8bb366910"
"results/tab94_campaign_finance_overall.csv","3953dbd5fb0dcb7d5b1a571f7a51fabf5903eab434db677073e9df4fb5a8a4a4"
"results/tab96_data_code_audit.csv","c8d347d5ce592ecefd9c209be18fff5eb5f14d83b4e0c1cf7631615af76c574b"
"r-packages.txt","49f82b7dc35c4d11d9bb1b42c1cb1793b58e6b06df96a6c6d771aa63ec7a5276"
"run_audit.ps1","7e4f5f0947f627c4a23faff45ef02db5f3eaa6a1ee06d42e99d3e7d590a46009"
"run_replication.ps1","675fc359544749525a3b6f2ff53d916cbb3c150e9230f7cb6a26302c12253c40"
"run_replication.sh","7b04e0d9d4c9963a4e58a92a970c6c250adfd1c3c5749d7e0e82046ee0a63b3b"
"VALIDATION.md","f27b3fdb5011ec94c1a5a02914a7e865aa0ae9a3b9f350a53099f99ee971781d"
